peak_amplitude,peak_abs,rise_time_us,tail_energy,tail_rms,tail_std,tail_max_abs,tail_mean_abs,tail_skew,tail_kurtosis,tail_zcr,tail_decay_rate,width_50pct,width_10pct,energy_asymmetry,reflection_ratio,time_to_reflection_us,full_rms,full_energy,full_skew,full_kurtosis,spectral_centroid_mhz,spectral_bandwidth_mhz,peak_freq_mhz,band_energy_0,band_energy_1,band_energy_2,band_energy_3,spectral_entropy,wavelet_energy_0,wavelet_std_0,wavelet_energy_1,wavelet_std_1,wavelet_energy_2,wavelet_std_2,wavelet_energy_3,wavelet_std_3,wavelet_energy_4,wavelet_std_4,file,file_idx,pulse_idx
-1.27647066116333,1.27647066116333,0.02,2.5294869779829323,0.09504673621027056,0.09502397781760917,0.1931372731924057,0.08063725910615176,-0.5747158940218664,2.2507906431238585,0.010714285714285714,-0.001862822850509186,0.09,0.39499999999999996,0.17875296328217352,0.15130568923633284,0.0,0.24554717998287484,19.59536071920126,-2.967118632198582,12.158664513013395,2.90051703809919,3.4043022316291345,1.846153846153846,0.9603148410874668,0.03905245700474928,0.0005485692174638915,8.413269029013843e-05,2.545264165798453,2.684406651351227,0.3323029726973803,0.06650333023727538,0.051556849407237086,0.041440884127167586,0.03177287891376385,0.007195354841822637,0.00978420415413616,0.001313725509728604,0.0029810009540485985,26-04-27-16-58.mat,0,0
-1.2519608736038208,1.2519608736038208,0.0,2.634925331358036,0.0970074616305003,0.09698649443067116,0.20098040997982025,0.08305322599647168,-0.5737041295982719,2.2082367906935048,0.014285714285714285,-0.0012172322414700306,0.08499999999999999,0.385,0.1428960410733251,0.1605325008162888,0.0,0.24348616020572403,19.26779081881144,-2.9190076321020246,11.923782392722773,2.8735958880096386,3.4319986447522877,1.846153846153846,0.9598229540733769,0.03957732214163602,0.0005162580783276532,8.346570662915138e-05,2.534059094167718,2.941009853631228,0.3463462380009955,0.057961646650210925,0.04833592859083967,0.05227451668439933,0.03564319976764017,0.008486816606541173,0.010629767680388164,0.00133758929731661,0.0030549937616297577,26-04-27-16-58.mat,0,1
-1.2441177368164062,1.2441177368164062,0.02,2.526959128261612,0.09499923173113432,0.09496408161939165,0.19705884158611298,0.08137955618939097,-0.6220896925757855,2.269852952703054,0.014285714285714285,-0.0006798703396990451,0.09,0.415,0.2209932542032471,0.15839243806179543,0.0,0.24347305971553249,19.265717512354055,-2.9538366749025564,12.087719223024735,2.892090499880977,3.4361845628721728,1.846153846153846,0.959754877824249,0.03963481048224447,0.0005091563911931499,0.00010115530228290785,2.538956987415844,2.6691686915100252,0.3318738816635336,0.07228393667449287,0.05362222912312363,0.03342280832895899,0.02845777570813185,0.00632476588507045,0.009089311478544557,0.0012160170712002048,0.0028245580479845617,26-04-27-16-58.mat,0,2
-1.2686275243759155,1.2686275243759155,0.02,2.5215890349881334,0.09489823562615703,0.09486101665795049,0.19215688109397888,0.08122199271788953,-0.5644258259702379,2.2231001525253933,0.014285714285714285,-0.002173055639658263,0.09,0.39,0.17849551076221154,0.1514683209899305,0.0,0.24482602837968898,19.480429855955986,-2.955936270204718,12.076696184498152,2.895879120394894,3.4263597224372586,1.846153846153846,0.9599386254645143,0.03944132294307237,0.0005120748185728033,0.0001079767738105242,2.540434554853075,2.695038723704385,0.33279294240888563,0.06907536395537547,0.05239817697161781,0.04359624501037607,0.03258215401028567,0.008471159205962779,0.010592804003798573,0.0012170195353164328,0.0028790776091105565,26-04-27-16-58.mat,0,3
-1.0322580337524414,1.0322580337524414,0.0,2.389958234238329,0.09238812219262683,0.09238508726572972,0.24193547666072845,0.08081796994166715,-0.6199609643980631,2.0298914787566127,0.017857142857142856,-0.0010269149580335096,0.095,0.47,0.12349195409899702,0.2343749999772949,0.0,0.2072101391702086,13.954213576854599,-2.616670519744594,10.185921418977209,2.736114271652016,3.8787204602027643,1.2307692307692308,0.9494519438015004,0.0491447760952795,0.0011679829878380708,0.0002352971153400391,2.44428148171383,5.621650530385442,0.4542283140598542,0.07536393118233918,0.055119440367839674,0.022613399647107523,0.023214616173646837,0.006257763857225856,0.00911842461581756,0.0025234451884039765,0.004188543648122667,26-04-27-18-01.mat,1,0
-1.048387050628662,1.048387050628662,0.02,2.3909988169026324,0.09240823279847944,0.09240419307272701,0.22580644488334656,0.08104838468134404,-0.6603072482328475,2.0331892094849824,0.02857142857142857,0.0002347101171949408,0.095,0.435,0.18648882073020004,0.21538461842542211,0.0,0.21010263677327295,14.346513343201607,-2.6205529407828947,10.16612194670508,2.691184924002325,3.9178926366539004,1.2307692307692308,0.9508470207115215,0.047712280755955586,0.0011181447508607214,0.00032255378162162696,2.42217989477208,5.704413711615905,0.45699705905187565,0.08830306013116417,0.05937604543601271,0.011288980979054258,0.0165031818567651,0.003271042691498475,0.006397064087679755,0.004575365994580482,0.00552222644982174,26-04-27-18-01.mat,1,1
-1.048387050628662,1.048387050628662,0.0,2.411810470188696,0.09280952980218403,0.09280936891522233,0.22580644488334656,0.0815092141606978,-0.6286221188409684,2.0120638948810954,0.02142857142857143,-0.0006252544246885212,0.095,0.44499999999999995,0.15134204764556586,0.21538461842542211,0.0,0.20832547019778863,14.104837998267158,-2.6057123946882568,10.124849798025569,2.7147880417481627,3.8932253743505925,1.2307692307692308,0.9498945580637709,0.04881857798880153,0.0010100087906878643,0.00027685515669825534,2.4258299300988293,5.408748517671794,0.44753501192268874,0.08340543972485656,0.05797149456031718,0.01702170127658492,0.020309369958958077,0.0051363156144242856,0.008275291443894488,0.0038347464992127527,0.005170734535643494,26-04-27-18-01.mat,1,2
-1.0322580337524414,1.0322580337524414,0.0,2.4729447017165076,0.09397843030862583,0.09397843030862583,0.24193547666072845,0.082603684174163,-0.6324084173712436,1.9991838345954351,0.025,-0.0020608994379394422,0.095,0.44999999999999996,0.12106998377491517,0.2343749999772949,0.0,0.20931252320314384,14.238813020141654,-2.603252440679208,10.124862308418917,2.7014646862105245,3.838292671731745,1.2307692307692308,0.95120295044334,0.04747580637573104,0.0010605986085884963,0.00026064457229970386,2.423004066280025,5.671494889433973,0.45753250836280535,0.0744231400655859,0.05468185522238276,0.024774535237232477,0.024427683990423683,0.0055303543184713954,0.008586013653007384,0.0032507700784590293,0.004735073035971391,26-04-27-18-01.mat,1,3
-1.0967741012573242,1.0967741012573242,0.0,3.11966681940933,0.10555409614115493,0.10545345338945768,0.27419352531433105,0.09158985896834305,-0.6288136360557203,2.0152240637322776,0.017857142857142856,-0.0023589886469230856,0.09999999999999999,0.605,0.13759282499840855,0.24999999997720587,0.0,0.23463764874988025,17.892818518533456,-2.5410666811360483,9.66784220666001,2.4995848093319433,3.4319591148321344,1.2307692307692308,0.9602167459320717,0.0390141318709278,0.0005263780451025303,0.00024274415186554348,2.3737580494093278,7.427060377834469,0.5170645859282457,0.10310639127922626,0.06477737769496918,0.02512646788216443,0.024650618855115873,0.006776029874079903,0.009451781970486812,0.003506559906585822,0.004949337068922344,26-04-27-21-01.mat,2,0
-1.1290322542190552,1.1290322542190552,0.024999999999999998,3.0314774467812393,0.10405145442076172,0.10399963646851121,0.25806450843811035,0.09072580374777317,-0.626364255252118,1.9967139012731894,0.025,-0.0011347167438555423,0.095,0.44499999999999995,0.1955012778711707,0.2285714225177339,0.0,0.23571319522087184,18.05723088040067,-2.5593190188727015,9.739504290216566,2.5093685418445304,3.416510634222248,1.2307692307692308,0.9596302718151727,0.039610915472090655,0.0005562801329935576,0.00020253257971107963,2.375986698447981,6.99542578250807,0.504027332783244,0.10828297109001503,0.06579697753441124,0.014663312530815976,0.01881253828035427,0.006702888685830759,0.009453308046204206,0.003132983685167205,0.004679241147307154,26-04-27-21-01.mat,2,1
-1.1129032373428345,1.1129032373428345,0.02,3.04136298209212,0.10422097030026634,0.10414069176927176,0.25806450843811035,0.09061059637793473,-0.6473009053094722,2.024629086482333,0.02142857142857143,-0.00040083398857561353,0.09999999999999999,0.565,0.15710769755543014,0.2318840486357792,0.0,0.2343901915142325,17.855097610375537,-2.55899132510988,9.733338102707313,2.5152234936051867,3.425501028052459,1.2307692307692308,0.9591768163602961,0.04004905312949935,0.0005767862411752942,0.0001973442689967257,2.3812274765773003,7.009748703151622,0.5036260808416623,0.10658776374358103,0.06543579271754889,0.019362601237409124,0.02165531737380316,0.006149149593147968,0.009028430006839146,0.003172967834686927,0.004687768947400381,26-04-27-21-01.mat,2,2
-1.0967741012573242,1.0967741012573242,0.024999999999999998,3.0515086630690758,0.1043946609039308,0.10435803815768675,0.24193547666072845,0.09124423691204615,-0.6302857377591765,1.9726606029313023,0.017857142857142856,-0.001979919810156158,0.09999999999999999,0.595,0.21976733246643618,0.2205882472619646,0.0,0.2344653095042025,17.866543942292978,-2.5417657682069468,9.650235402625194,2.5109854736506607,3.389691748305257,1.2307692307692308,0.9596109433268876,0.03973286343244035,0.00048481610435098575,0.00017137713628884225,2.3763858096588018,6.787020041421552,0.4979446573283426,0.1147163201501171,0.06751731150901527,0.011652490172986722,0.016814079573391663,0.006279655547847493,0.00902035560725266,0.002843385836461561,0.004374382783685398,26-04-27-21-01.mat,2,3
-1.0967741012573242,1.0967741012573242,0.02,2.8631632008301997,0.10112162409745928,0.10107015896625882,0.24193547666072845,0.08813363792640823,-0.6380351921589199,1.9753712722273025,0.02142857142857143,-0.0006477159988654101,0.095,0.55,0.1956362000243629,0.2205882472619646,0.0,0.22827434789808082,16.93548282019556,-2.5647567685798265,9.77505032483079,2.58424746002525,3.640460869156855,1.2307692307692308,0.9551566874639964,0.04396391122449072,0.0006222039521637455,0.00025719735931471044,2.3964011126210845,6.394845484226412,0.48287783979009463,0.10235204847816215,0.06366088745219106,0.011411477566423288,0.01666461138170793,0.006395785083257929,0.009173140576068018,0.004748463485251877,0.005754092980515747,26-04-28-00-01.mat,3,0
-1.0967741012573242,1.0967741012573242,0.02,2.9068676727309337,0.10189048169359753,0.10181952783233897,0.25806450843811035,0.08882488214543888,-0.6348523021039189,2.000804564596616,0.017857142857142856,-0.0011720263050191682,0.09999999999999999,0.5349999999999999,0.1575185877354543,0.23529413041276223,0.0,0.2277196440470654,16.853276792599708,-2.563034036834541,9.79909182323377,2.594225803614824,3.616240682560455,1.2307692307692308,0.9545016035097865,0.044637103991056894,0.0006499314647166475,0.00021136103440565015,2.3978556411352394,6.6711623556333075,0.491731804745361,0.10075018605310805,0.06322792517506379,0.02069837800299875,0.022321191785499742,0.006010387544545902,0.008951498861718905,0.0036274665841827675,0.005023841873153762,26-04-28-00-01.mat,3,1
-1.0806450843811035,1.0806450843811035,0.02,2.840530527881606,0.10072115907440427,0.10068476555912023,0.22580644488334656,0.088076034241489,-0.6190843742154382,1.9538370582670122,0.017857142857142856,-0.0017265217127408973,0.095,0.55,0.21437370382499993,0.20895523250519638,0.0,0.2264683592559035,16.668573266819816,-2.5601999137424514,9.79290474341735,2.605900892683275,3.6836746390957367,1.2307692307692308,0.9538922566993171,0.045098706470859534,0.0007587969485965994,0.00025023988119209464,2.4009238382821394,6.267448631760292,0.47886199315762407,0.10518509324696247,0.06473083405938089,0.008427217177564094,0.014270458354787286,0.004244612959396628,0.007464137544198015,0.004491156062734764,0.005597521837665906,26-04-28-00-01.mat,3,2
-1.0967741012573242,1.0967741012573242,0.02,2.877731358130445,0.10137855785777887,0.10131563004809507,0.25806450843811035,0.08824884529624666,-0.6453521630742756,1.9896456557667364,0.02142857142857143,0.00024124602884471375,0.095,0.54,0.1694697395042918,0.23529413041276223,0.0,0.2273925086531626,16.804889722263056,-2.563549326467953,9.780631568781724,2.5803472824819447,3.607351169046169,1.2307692307692308,0.9558419471170706,0.043269236969121,0.0006416716194841455,0.00024714429428962086,2.395275054982137,6.538804368837696,0.4876033582105714,0.10007261972456834,0.06324661305164415,0.013795487686827349,0.018251356638270922,0.007287696386976818,0.009856735131764306,0.00402613090175181,0.005286504813203746,26-04-28-00-01.mat,3,3
-1.0645160675048828,1.0645160675048828,0.02,2.7447969227657136,0.09900932356467593,0.09871246520488859,0.25806450843811035,0.08173962890037469,-0.7548508581844956,2.2325072532803802,0.02857142857142857,-0.00311560649478847,0.09999999999999999,0.49500000000000005,0.18490573078979794,0.24242424918840805,0.0,0.22894835701126764,17.03563880790163,-2.6088952110972725,9.868455458319405,2.5920045441354107,3.558451057358809,1.846153846153846,0.9549484460432253,0.04433165953843782,0.0005546933264229404,0.00016520109188043584,2.405428192136919,6.558397024887542,0.4858606977344801,0.12729220602784533,0.07196253849591655,0.022636815330865687,0.0234693012767074,0.007010513044338286,0.009666852328230198,0.003237609965663079,0.004716938641626868,26-04-28-03-01.mat,4,0
-1.1129032373428345,1.1129032373428345,0.02,2.6997917143629966,0.09819426289545703,0.09814498173551087,0.27419352531433105,0.08317972097013678,-0.630840358592198,2.2100435206629148,0.02142857142857143,0.0009910147536604306,0.09999999999999999,0.61,0.1605558426572143,0.24637678828606635,0.0,0.23711153577022248,18.272111128476887,-2.66331110917354,10.222204422188543,2.482316225939704,3.505505201073101,1.2307692307692308,0.9591618630201849,0.040104260351233455,0.0004999888042928287,0.0002338878242573634,2.351127662601075,6.575644952581756,0.48900698470010556,0.11914136418549612,0.06959417794285101,0.02648485597365297,0.025395513519500895,0.007545194385335275,0.01002177635819455,0.005015583833985588,0.005881639451168664,26-04-28-03-01.mat,4,1
-1.0806450843811035,1.0806450843811035,0.02,2.9112901490542225,0.1019679597621272,0.10193201140198474,0.24193547666072845,0.0888824858303581,-0.590707701863065,1.9652468979578084,0.02142857142857143,-9.635585927810578e-05,0.09999999999999999,0.65,0.1912044553830136,0.22388060625556755,0.0,0.23155565759227598,17.42585733297219,-2.557313177633419,9.715608574758456,2.5548173051056393,3.5686530646781134,1.2307692307692308,0.9553717931113025,0.043871947634962744,0.0005726431455097375,0.0001836161081918434,2.3889188627042333,6.34631672214384,0.4821814016355077,0.1103222371256185,0.06643921255661994,0.014735639319657452,0.018836722779448322,0.006746509728263552,0.009484075465622858,0.0036450831626222632,0.005026409307140195,26-04-28-03-01.mat,4,2
-1.0645160675048828,1.0645160675048828,0.02,3.013007096318254,0.1037339849312078,0.10362107179660054,0.27419352531433105,0.08905529683189732,-0.5932559520586808,2.0459475799349742,0.025,-0.005134052343969075,0.09999999999999999,0.615,0.14667475184310294,0.25757575076462225,0.0,0.23021050039578447,17.223984210055182,-2.5350203837130962,9.616376303944493,2.603463172455474,3.57144918350788,1.846153846153846,0.9556631003435496,0.04354792760118513,0.0005874887578539238,0.00020148329737787368,2.365638159316495,7.015442770357274,0.5042955902539049,0.11152661417302993,0.0673036797449186,0.026068611411239357,0.025073752404399238,0.008500409456219873,0.01063664870100945,0.004216792695188978,0.005375672763161717,26-04-28-03-01.mat,4,3
-1.0806450843811035,1.0806450843811035,0.02,5.430540705787784,0.13926517236896083,0.1391435928826013,0.29032257199287415,0.11849077939987182,0.32425209839365665,2.157458448326222,0.017857142857142856,0.002899690195090693,0.105,0.785,0.1785688571580195,0.26865672750668107,0.0,0.25615452424925983,21.32492059534351,-1.9632324775290901,7.760680319803954,2.420233378042656,3.211493280831857,1.2307692307692308,0.96463888596633,0.034742457163100385,0.0004291324067857843,0.0001895244637563047,2.2100507262088644,9.725824986879076,0.6118778408942145,0.13865288503406847,0.07445296479886278,0.02416917399430654,0.02427650913460941,0.0062705673018639465,0.009060213906821258,0.00411760243541331,0.005362254501382418,26-04-28-06-01.mat,5,0
-1.0806450843811035,1.0806450843811035,0.12,4.219822847492743,0.12276316990002602,0.12276250768398858,0.33870965242385864,0.10812211659337793,-0.5588604509383591,2.6414342883686,0.02142857142857143,0.0013342936710273097,0.105,0.865,0.16391779632933182,0.3134328349686593,0.0,0.2535397290347705,20.891778114683078,-2.23951349872758,8.27414782285091,2.353144530417576,3.7827670596347382,1.2307692307692308,0.9613144334044021,0.037177503840595254,0.0009878276040706283,0.0005202351509046165,2.1676863580742904,12.567762410051605,0.679141255325611,0.09811692021395217,0.06258299068712976,0.019351798106484134,0.021724545108892445,0.004931604227054171,0.008086434847184366,0.0030063010605935747,0.00454678619127102,26-04-28-06-01.mat,5,1
-1.0967741012573242,1.0967741012573242,0.02,3.1714358151300175,0.10642629601093521,0.10640008747381438,0.25806450843811035,0.09302995114454202,-0.6059987805333222,1.9692733907464113,0.017857142857142856,-0.0009746472813140855,0.105,0.615,0.20116436940692634,0.23529413041276223,0.0,0.24618922985298064,19.697969491071213,-2.560724125624264,9.593592568596746,2.4767349635076745,3.313324467061941,1.2307692307692308,0.9614098648681016,0.03798411925088077,0.00039985494071584306,0.00020616094027258372,2.362940308698307,7.128774781929538,0.5105477378827608,0.12695379172261959,0.0714188956295881,0.013332091375805634,0.017959629241244533,0.006423164154150446,0.009208462681572226,0.0038228874370226803,0.0051577848519945395,26-04-28-06-01.mat,5,2
-1.0806450843811035,1.0806450843811035,0.02,3.356399383709907,0.1094858011620996,0.10941152385364658,0.29032257199287415,0.09527649485639163,-0.6370806826794856,2.0175390927192565,0.02142857142857143,-0.0009363808284606658,0.09999999999999999,0.6799999999999999,0.1537906878034293,0.26865672750668107,0.0,0.24271667926603666,19.146200578027937,-2.501374432112961,9.327303028836774,2.4696619189788573,3.2928936474388393,1.2307692307692308,0.9615250689252536,0.03783751771320208,0.00047892103682617605,0.0001584923246880658,2.3653805801834515,7.781347197263912,0.5306782529979598,0.11498184127261106,0.06845306549964854,0.023820875189156977,0.023968133175004187,0.008963041627134434,0.010893172358868884,0.0034087666369755068,0.004833099848818598,26-04-28-06-01.mat,5,3
-1.0,1.0,0.02,2.7895419773307504,0.09981307489020862,0.09978778963575223,0.24193547666072845,0.08715437528278147,-0.5843621130475807,1.9640158142651098,0.017857142857142856,-0.0018004766636567984,0.09999999999999999,0.565,0.18672657056969694,0.24193547663653492,0.0,0.2214738483888247,15.941466294050738,-2.5099247588239324,9.44564542705547,2.5855218435989737,3.616727793214889,1.2307692307692308,0.9545492753427801,0.04457884004727225,0.0006716581614953042,0.00020022644841620037,2.3882314668294615,6.322874636471831,0.48078789290002755,0.11064176375339642,0.06670918906192333,0.013973660930298497,0.01840171303640367,0.0045280181740870295,0.007768869096748803,0.003207255170473145,0.00471022805696466,26-04-28-09-01.mat,6,0
-1.0161290168762207,1.0161290168762207,0.015,2.703433761859662,0.0982604731215468,0.09817770354790585,0.25806450843811035,0.08536866105028561,-0.6291828521819323,2.0265670733214707,0.025,-0.0016923652205982171,0.09999999999999999,0.48,0.14535334735653588,0.2539682502189085,0.0,0.22006343646347967,15.739072722137687,-2.5569823448442954,9.664461791695658,2.6339062559978887,3.7335310880488066,1.2307692307692308,0.9529819395569707,0.04591239675183579,0.0008749459903460861,0.00023071770081067847,2.413484052281583,6.364185261728672,0.4794608565657122,0.08833624498472821,0.05978587412495199,0.020737756360664907,0.022411904434381964,0.006755279038147774,0.009447142521422133,0.0037623130613496595,0.005108891217636367,26-04-28-09-01.mat,6,1
-1.0161290168762207,1.0161290168762207,0.02,2.729708474133317,0.09873681601201457,0.09870856582900273,0.24193547666072845,0.08680875317326614,-0.6091542158903063,1.9508176178961232,0.02142857142857143,-0.0010469883646777602,0.09999999999999999,0.505,0.18420130195838,0.23809523458022672,0.0,0.2206138091367793,15.81789715409777,-2.538902101799862,9.58218016159517,2.6048133848135966,3.599775139512055,1.2307692307692308,0.9544080228104398,0.04474664465486651,0.0006701145578843235,0.00017521797677251305,2.4013698318002628,6.158237706639094,0.47319652970896786,0.10624393242193952,0.0658638491213416,0.012271280171556955,0.017084658555950805,0.0054283445545355155,0.008433859007375666,0.003556952106569581,0.004821623614242934,26-04-28-09-01.mat,6,2
-1.0161290168762207,1.0161290168762207,0.015,2.7104576948437082,0.09838803816020138,0.09830772185607431,0.25806450843811035,0.08577188684472016,-0.6463741797483628,2.0079922576171865,0.017857142857142856,-0.0014168753140085231,0.09999999999999999,0.48,0.1427277795593498,0.2539682502189085,0.0,0.22019979482722402,15.758583633634256,-2.5585352751816313,9.660729117502546,2.6343662391697746,3.719698038727041,1.2307692307692308,0.9527121839019325,0.0463160145229876,0.0007400658883657926,0.00023173568667758597,2.4123623645113828,6.449098807654727,0.4824728157112934,0.09010625381230926,0.060473707078411834,0.020882144293353694,0.022473293921263567,0.00601599503079155,0.008955421170813457,0.003802439109896945,0.0051564414846613105,26-04-28-09-01.mat,6,3
-0.8870967626571655,0.8870967626571655,0.01,2.1547865521058105,0.08772494660882246,0.08763485825308771,0.25806450843811035,0.0757488456687757,-0.6803032070178779,2.206573694365358,0.02142857142857143,0.0026205870210981195,0.09999999999999999,0.515,0.1133683120090334,0.2909090859897018,0.0,0.19592216361264053,12.475285613263942,-2.587069686030206,9.810354060446658,2.7518137888340592,4.102660282151923,1.2307692307692308,0.9453542079842484,0.05287835133395541,0.0014389809647753723,0.00032845971697444555,2.436312586392209,5.917740576535329,0.4591149266730017,0.05726674574323856,0.04843716400083562,0.017553764623169644,0.020551411273361384,0.006478218568016567,0.009286968732450286,0.003617809457519124,0.005029689089252095,26-04-28-12-01.mat,7,0
-0.9193547964096069,0.9193547964096069,0.015,2.087929115924331,0.08635328424402719,0.08626439830269789,0.24193547666072845,0.07453916828547205,-0.6756755827671004,2.1388897027740015,0.017857142857142856,0.0013173785792256684,0.09999999999999999,0.5,0.15120200232517383,0.2631578989735551,0.0,0.19558686061303102,12.432621514449897,-2.6076880718714714,9.942779946789596,2.777462033075387,4.118966797478957,1.2307692307692308,0.9433735835226812,0.054957971131738184,0.0013445726902799042,0.0003238726552544057,2.4470680903808772,5.519736400604133,0.4441702978771931,0.06521303346748983,0.05129911157825549,0.013051368908293766,0.01782975836902919,0.004389662575472396,0.007584527041320116,0.003207851086800855,0.0047303858450652115,26-04-28-12-01.mat,7,1
-0.9032257795333862,0.9032257795333862,0.01,2.129552422496458,0.08720977219359526,0.08716950778582122,0.22580644488334656,0.07557603461401803,-0.6394491367251965,2.089785648416572,0.02142857142857143,0.002826932801204848,0.09999999999999999,0.54,0.19230388906879958,0.24999999997232142,0.0,0.1963832869968755,12.534078508801578,-2.582303755519713,9.827439260524306,2.7797263906762137,4.174621936798571,1.2307692307692308,0.9438909745080172,0.0543587326755819,0.001396475251451669,0.000353817564903038,2.44038897668836,5.453338499312304,0.44318292663628434,0.0652551752872394,0.051387646765615205,0.009444985335569922,0.015130466511760554,0.004168943624175841,0.0074474630788763626,0.0034981473682775058,0.004941319490190481,26-04-28-12-01.mat,7,2
-0.9193547964096069,0.9193547964096069,0.015,2.185483740702754,0.08834760366834182,0.08828220927025593,0.24193547666072845,0.07690091936716012,-0.6579056360533411,2.099094681178376,0.025,-0.0006855430780200471,0.09999999999999999,0.56,0.14390629772066685,0.2631578989735551,0.0,0.19691244737884303,12.601716378135828,-2.575360817548087,9.787365497036598,2.7511670338317007,4.075177428020223,1.2307692307692308,0.945148467631062,0.0532665926112687,0.001242994674790363,0.00034194508283282547,2.4329517893607013,5.724520332670798,0.45295588835959294,0.0646884455861819,0.051360501595392564,0.012361521062480217,0.017272530433166296,0.0035665013438926007,0.006865314014942911,0.004162834293726908,0.0053906655319857725,26-04-28-12-01.mat,7,3
-0.9032257795333862,0.9032257795333862,0.015,2.074921832620541,0.08608388418572858,0.0859893947668676,0.24193547666072845,0.07419354617595672,-0.6359432973038904,2.1272795494315395,0.02857142857142857,0.001443388395269168,0.095,0.51,0.12257363438579223,0.26785714282748724,0.0,0.19292081297323016,12.095993025431916,-2.6108782268283615,10.033516521889371,2.8234041951150606,4.219107214783646,1.2307692307692308,0.9412912921352125,0.05700865996079408,0.0013493336556715833,0.0003507142482742435,2.4556922805006653,5.497752486275716,0.44128690318215924,0.05815098061258279,0.04864787767691293,0.017850514127174328,0.02085355418886011,0.005364178097673734,0.00836093567386417,0.002817624256680872,0.004419324744202194,26-04-28-15-01.mat,8,0
-0.9032257795333862,0.9032257795333862,0.015,2.028095612726898,0.08510698336142446,0.08502709764012367,0.22580644488334656,0.0738479240664414,-0.6654865591856883,2.0906681570282792,0.025,0.0022520565339723218,0.09999999999999999,0.48,0.16835927369710574,0.24999999997232142,0.0,0.19144430639610704,11.911549796733116,-2.607846665805598,10.013617663883123,2.8094142775648483,4.181088529644933,1.2307692307692308,0.9405994668783847,0.057796319417188456,0.0013478741180588285,0.00025633958631943735,2.4500179753962184,5.35548949329889,0.43732802734972476,0.06369803803205137,0.050777664430012484,0.008672141958031801,0.014542939889298194,0.0035149177673255132,0.006844368460238592,0.0032588733574719494,0.004769290004210558,26-04-28-15-01.mat,8,1
-0.9032257795333862,0.9032257795333862,0.015,2.070239210631177,0.08598669354347752,0.08586922400920433,0.24193547666072845,0.07430875354579516,-0.6457821401763758,2.1045443414937135,0.02142857142857143,0.004190514338168169,0.095,0.5249999999999999,0.13395973108930462,0.26785714282748724,0.0,0.19285234100090423,12.087408264596942,-2.6052286273546423,9.99111070171645,2.7908741923385145,4.1804037542067025,1.2307692307692308,0.9422360333408273,0.056078629701734155,0.0013569828597652682,0.00032835409762560074,2.4497021961178826,5.497366142426887,0.4407114290354341,0.056150673598579254,0.04779048433889018,0.014877794192294963,0.019047372340173795,0.004876929700059733,0.008051731834013604,0.0035688427772987844,0.004983038162092768,26-04-28-15-01.mat,8,2
-0.9032257795333862,0.9032257795333862,0.015,1.9612381765454188,0.08369242533880102,0.08358084272838331,0.22580644488334656,0.07229262457362243,-0.6611805699770674,2.1318259620176643,0.017857142857142856,0.002751819374920914,0.09999999999999999,0.47,0.18346153663868198,0.24999999997232142,0.0,0.19221000764330107,12.007023287427304,-2.635196865949718,10.123708385224715,2.800234694908196,4.181833655627006,1.2307692307692308,0.9411201656984728,0.05726213889351109,0.0013616070309090407,0.00025608837705914185,2.45257954902519,5.293367313078336,0.43357160411515083,0.0628585594916117,0.05010296575721667,0.009624192216010198,0.01532065841350597,0.0036802977681951923,0.006922706527540326,0.0034242292928792807,0.004847419560052977,26-04-28-15-01.mat,8,3
-0.7903225421905518,0.7903225421905518,0.015,1.3894380025108213,0.07044344242295227,0.07040384018094421,0.17741934955120087,0.0610023023294551,-0.6572864110453973,2.129619854916164,0.02142857142857143,0.0016655821936045103,0.095,0.475,0.19545102808222856,0.2244898001226124,0.0,0.1611140431695028,8.436263844587936,-2.694052874464504,10.629002885157572,3.0879458537974447,4.8793239609522985,1.2307692307692308,0.928909894289735,0.06756557337602055,0.0029683783516581005,0.0005561539825179352,2.514137782814946,3.5657161994464333,0.3571680526931569,0.04419088994179033,0.0421436682809263,0.0066515260625121895,0.012644633466749117,0.0034729210312245276,0.006803063549590097,0.00367546936902735,0.005053095319547116,26-04-28-18-01.mat,9,0
-0.774193525314331,0.774193525314331,0.01,1.4487512143761025,0.07193129694308766,0.0718509629692846,0.19354838132858276,0.06169354654848576,-0.6760278417585841,2.156063403587781,0.03571428571428571,0.0019286157902278925,0.095,0.51,0.14165315693811087,0.24999999996770833,0.0,0.16097984676911084,8.422216096387082,-2.6577265734782514,10.423421818689189,3.0308299953583395,4.767171855259265,1.2307692307692308,0.9308536939779821,0.06622241918823808,0.002404448872817357,0.0005194379608938242,2.5011211808119076,3.7931728029065237,0.36692309701940434,0.04327640702396707,0.042240717034045666,0.011065425888803224,0.016414967201973045,0.003483357094937829,0.006814072106940233,0.0035836081358948447,0.004996544329262183,26-04-28-18-01.mat,9,1
-0.7903225421905518,0.7903225421905518,0.015,1.4045264511432174,0.07082489602491529,0.0707539991009578,0.17741934955120087,0.06123271706913199,-0.6421250079008098,2.077865382539114,0.017857142857142856,-0.0005509065708288169,0.095,0.54,0.19211859110557594,0.2244898001226124,0.0,0.16126550301525666,8.45213280039822,-2.6774464558842612,10.536716048632245,3.019193081375515,4.674330045324994,1.2307692307692308,0.9309104270633654,0.06620647385245229,0.002515077525364171,0.0003680215587498458,2.5004144100687666,3.58449156300391,0.35733388712222514,0.04222817342877048,0.04106306236839339,0.006608762946136082,0.012692547504566604,0.004165940894337905,0.00735205208086642,0.0020524581205558683,0.003781806661725772,26-04-28-18-01.mat,9,2
-0.774193525314331,0.774193525314331,0.01,1.4297605807525695,0.07145829404906077,0.07140022637997272,0.19354838132858276,0.06186635760324342,-0.6496806727015485,2.1124634313155695,0.02857142857142857,0.004419373292888647,0.095,0.515,0.14101972849577868,0.24999999996770833,0.0,0.16032964212491524,8.354318096768603,-2.66296181367677,10.453902400302933,3.0504980574642087,4.853925777422201,1.2307692307692308,0.9313599790541502,0.06530274631594024,0.0027398378052200176,0.0005974368246203401,2.5075082441460848,3.7775580040358774,0.36659095603800673,0.04163402010308029,0.04072419160662775,0.009150939789924994,0.014869380905998793,0.0029180696114993977,0.006219505991953788,0.004012685095434546,0.005271547133505154,26-04-28-18-01.mat,9,3
-0.646399974822998,0.646399974822998,0.01,0.6459801168182764,0.04803198773504547,0.04802371498715864,0.13439999520778656,0.042171427072025834,-0.6586592735437531,2.281094309434247,0.017857142857142856,-0.0006480638024303301,0.08499999999999999,0.32,0.1635237892535483,0.20792079273177086,0.0,0.11860565608830918,4.571873038244939,-3.01508203363831,12.962199740333089,3.68398965662381,5.6845714272741334,1.2307692307692308,0.8970697450172709,0.09711436926238948,0.0053028724155758,0.0005130133046356589,2.623553022014677,1.7487327118192741,0.25310413296317696,0.024884302023456026,0.03117898473899095,0.005390846949960314,0.011428625779701756,0.0017336105634909325,0.0048062046247675395,0.00043871726453187306,0.0017479898519016997,26-04-28-21-01.mat,10,0
-0.6592000126838684,0.6592000126838684,0.0,0.36446205204908433,0.03607838945808955,0.03576376593791917,0.1087999939918518,0.031405713026677926,-0.33855809252922686,2.0075496086972078,0.05,0.011345413634944117,0.075,0.165,0.13394155250395387,0.16504853137423103,0.0,0.11257172533063836,4.118527836772923,-3.3980717593780683,15.549221216335097,3.7169332269215594,5.997145271569644,1.2307692307692308,0.887309741111425,0.10634027910177735,0.005745841654389085,0.0006041381322709236,2.696715141651873,0.9348301290501988,0.1791561593316449,0.019268594899625062,0.026920283412040214,0.008645093896131505,0.014453237468395202,0.0021618414198445513,0.0053581117436426505,0.0004185100196913063,0.0017045095547052254,26-04-28-21-01.mat,10,1
-0.5952000021934509,0.5952000021934509,0.01,1.9808254815560846,0.0841093141087428,0.08409230517055206,0.18559999763965607,0.06985142641268405,-0.2357303162577004,2.0205771902135936,0.05,-0.0015006729149409817,0.075,0.9199999999999999,0.12078064720089321,0.31182795182206646,0.0,0.12809399398922386,5.332623171236177,-1.7141671640222182,7.111127005416971,3.514275794505835,5.513205767382016,2.4615384615384617,0.9125816267631931,0.08194585838794508,0.004786622801550748,0.0006858920472003566,2.29197137902411,4.16016222153414,0.40082660129497416,0.030893417864434763,0.03540125497552214,0.00944674888153961,0.015160442846440312,0.0013748692634991018,0.004280724961213421,0.0004910840457450938,0.0018427782893469303,26-04-28-21-01.mat,10,2
-0.646399974822998,0.646399974822998,0.0,0.7331020323390208,0.051168560113295465,0.051152547775460876,0.14079999923706055,0.04461714127101004,-0.6013892487031441,2.0893720205146313,0.017857142857142856,-0.0009117954873842527,0.08499999999999999,0.39,0.11238419843172226,0.21782178944829514,0.0,0.11857005368329354,4.569128729899211,-2.9160360054719914,12.502247370639106,3.659077862125099,5.687612406592414,1.2307692307692308,0.8982072431925839,0.09625376441221659,0.004971414654610201,0.0005675777404619332,2.642405345806803,1.8086667656457425,0.2562046988031117,0.02310084055623382,0.030175527713668195,0.007465571477055221,0.013438473317291713,0.0020286043546441012,0.0051915016480715585,0.0004968715472210889,0.0018622535646326606,26-04-28-21-01.mat,10,3
-0.6399999856948853,0.6399999856948853,0.01,0.469483482338172,0.04094785369999664,0.04094775162863779,0.08959999680519104,0.03583999853747498,-0.5255749013016815,1.930316715809351,0.02142857142857143,0.005321224198195681,0.06,0.22499999999999998,0.1700049961636237,0.1399999981154798,0.0,0.10324695651427773,3.464478559574876,-3.472580360364008,17.285570532021527,4.860888838713012,6.873850053961508,1.2307692307692308,0.8282156639991437,0.164697078102485,0.006604033242100887,0.0004832246561010974,2.8984103700497865,0.7568524394838466,0.17028590501347413,0.021580967917516115,0.028588898615437525,0.008013741866183144,0.013971340384685976,0.0011275585751721947,0.0038700639182268556,0.0003533336379232879,0.0015507404274571533,26-04-29-00-01.mat,11,0
-0.6272000074386597,0.6272000074386597,0.0,0.45109244376208407,0.040137818102226774,0.04012218889586097,0.09600000083446503,0.03499428424485294,-0.5650593639214376,1.9473236061932118,0.017857142857142856,0.0039025484477828638,0.06,0.325,0.10173756408313853,0.1530612239805302,0.0,0.10212023068605992,3.389275992496581,-3.505725339708348,17.502747793647973,4.941522747838466,6.925251923638189,1.2307692307692308,0.8246417001428973,0.1679996494499927,0.006932979255953638,0.0004256711509835412,2.925929346365118,0.7272613380744029,0.1659598874770677,0.020701038676716695,0.028316443892761223,0.008564562808255835,0.014452589800151173,0.001709616113932611,0.00477263392657391,0.00045482409255510295,0.0017817123021764082,26-04-29-00-01.mat,11,1
-0.6399999856948853,0.6399999856948853,0.01,0.46682108580458725,0.04083158291797921,0.04082461532601641,0.08959999680519104,0.035542855766003155,-0.5311911246976907,1.9401620443759067,0.02142857142857143,0.004894705529103492,0.06,0.25,0.1816264383851244,0.1399999981154798,0.0,0.10290888643905842,3.4418276451412826,-3.4817796602333693,17.412768665017218,4.8720182106991485,6.904368263553946,1.2307692307692308,0.828783297373349,0.16402280022251736,0.00664952358775378,0.0005443788162098431,2.9099662355293283,0.7662163645868483,0.1702952938185197,0.020724859046911754,0.027891229372370832,0.007217673945185226,0.013263573143546314,0.001081832042654862,0.00379791205148793,0.0004870532908399298,0.0018454920155516151,26-04-29-00-01.mat,11,2
-0.6335999965667725,0.6335999965667725,0.0,0.4405657242820177,0.03966672428236191,0.039666618914258246,0.08959999680519104,0.034605712829423804,-0.5636749630488413,2.0059253846327487,0.017857142857142856,0.004949714043426707,0.06,0.31,0.11124287426694374,0.14141413711577736,0.0,0.10252361561801193,3.4161048218017047,-3.5243178081654585,17.590967250271305,4.918030910363668,6.926825662795194,1.2307692307692308,0.8256806513498945,0.16686576207400255,0.0070409958676175615,0.00041259070831374046,2.9105878111184627,0.7174192138166775,0.1656438591020417,0.020330229815388047,0.02775320901783495,0.008564890088952448,0.014451661443331126,0.0011470725183021064,0.003903478937896957,0.00040737333322719,0.0016859218874329149,26-04-29-00-01.mat,11,3
-0.4991999864578247,0.4991999864578247,0.0,0.18964478497047457,0.02602504185329931,0.026023596423146916,0.06399999558925629,0.02253714199843151,-0.5670973347935442,2.0992159455740143,0.017857142857142856,0.0052490922889668395,0.035,0.14,0.08528299374007586,0.12820512282173882,0.0,0.07065910115793281,1.622630287345269,-4.133222643579367,23.97303243683782,6.485662644504014,8.579090254634075,1.2307692307692308,0.7506355919318292,0.2305704804561893,0.017236169782815156,0.0015577578288030348,3.154471239982349,0.25324678400493067,0.0997251870027505,0.010939534814148074,0.02029776317487001,0.005570140815935715,0.01165524559707666,0.000981828551184627,0.003617135703015948,0.00032380114172028083,0.0015024799918198796,26-04-29-03-01.mat,12,0
-0.5119999647140503,0.5119999647140503,0.0,0.1909964638471798,0.026117622939801435,0.026116412687740648,0.0575999990105629,0.022605713357084563,-0.4685327134678646,1.9408852351121595,0.025,0.004775281644020606,0.02,0.13,0.17540890190341643,0.11250000579879384,0.01,0.0699996425770325,1.592483737296498,-4.129533344057559,24.11431682641471,6.576131601339801,8.637413175157786,1.2307692307692308,0.7446216907667195,0.23669947462203123,0.01694838007857164,0.001730454532307561,3.170176843806516,0.24462295095435285,0.09823014427960113,0.013536533286543717,0.022099305699136377,0.006326408604266129,0.012402147696873395,0.0007336735563030585,0.0031182945312242896,0.00042221341769526076,0.0016825701774139746,26-04-29-03-01.mat,12,1
-0.4991999864578247,0.4991999864578247,0.01,0.19206142565899878,0.026190335298881776,0.026188091034704684,0.0575999990105629,0.022742856302232082,-0.5464309939254034,2.029712408030873,0.02142857142857143,0.005554445869995628,0.03,0.145,0.2911883917426843,0.11538461650958161,0.01,0.07003564273736433,1.5941221574316136,-4.134674419778194,24.112546521184285,6.608389691281117,8.702698470021673,1.2307692307692308,0.7452023746323075,0.235540441320611,0.017451581001480084,0.0018056030452314,3.1699676657613907,0.267482395133968,0.10222709244047708,0.013436910403870135,0.02245452907338887,0.005300646563993932,0.011346792919460023,0.0007824602150203086,0.003227989384704205,0.0003461621185131891,0.0015556581473446364,26-04-29-03-01.mat,12,2
-0.5184000134468079,0.5184000134468079,0.0,0.1880473459571746,0.025915201410229603,0.02591349783873132,0.0575999990105629,0.022559999173972757,-0.5185717898726449,2.0271232679340847,0.025,0.0029597446197803605,0.02,0.11499999999999999,0.1592048588685993,0.11111110629892378,0.015,0.07038119889512191,1.6098917763222806,-4.15071212300836,24.239500812272976,6.576145477876291,8.646807947520452,1.2307692307692308,0.7467992629711705,0.23390143296208935,0.017544601229470432,0.0017547028369033924,3.1651333938305157,0.2458719878761117,0.09842860457931261,0.01179791254292233,0.021067624208893847,0.005783183228120151,0.011876472506376742,0.0008168906892728068,0.003300153887323231,0.00033736128830605524,0.0015199029625816707,26-04-29-03-01.mat,12,3
-0.37119999527931213,0.37119999527931213,0.0,0.06635519581894883,0.015394247049158706,0.015216677804379528,0.12159999459981918,0.008091428325444992,3.8669111400664042,25.335480245560202,0.11428571428571428,-0.024389766150034724,0.024999999999999998,0.14,0.15094340097926137,0.3275861964264352,0.0,0.04121917959029291,0.5521817489814664,-4.212131988251182,43.66813214210871,15.656237179486979,9.953284306592247,13.538461538461538,0.27706837205646634,0.6619082860957862,0.055127628785236256,0.005895713061396724,3.893002964391579,0.5312967991351923,0.1296328324840973,0.01432497353663351,0.02204326346219316,0.019217968106455652,0.02157666073256856,0.002052063174732234,0.005214966455305708,0.00036455850904463805,0.0015966562321689571,26-04-29-06-01.mat,13,0
-0.3775999844074249,0.3775999844074249,0.12,0.8273509777960413,0.05435830130440196,0.05422087472131055,0.1599999964237213,0.04367999836935529,-0.5203538261414565,3.0504458369874907,0.04642857142857143,-0.0012368786217854951,0.024999999999999998,0.94,0.14335109613767888,0.4237288214734425,0.0,0.06801440335220156,1.5034366955906893,-1.0144200187201107,8.487084782785052,7.398826095169045,8.968222884302289,1.2307692307692308,0.7155671338863425,0.2614652699942279,0.020737038579001877,0.0022305575400186537,2.971909057245191,1.7911390396208267,0.25664607756864205,0.022813992711079725,0.029789365204200235,0.028561162902375176,0.026254626314439325,0.002992533610844187,0.006308877967056354,0.0005833454023613969,0.0020160358587766086,26-04-29-06-01.mat,13,1
-0.36479997634887695,0.36479997634887695,0.0,0.05107711740744596,0.01350623102331528,0.01315966097675788,0.1151999980211258,0.005599999835249036,4.653745044063886,33.56920690084759,0.15357142857142858,-0.06306692253863641,0.024999999999999998,0.135,0.12288760922610623,0.31578948864671846,0.0,0.040410154015311506,0.5307186779508889,-4.613766996241938,47.10503128662352,16.08097008431583,9.734317152892874,13.538461538461538,0.25049760358816914,0.6880417800633031,0.05569059195088282,0.00577002439648566,3.904113987175261,0.4393673875334494,0.1162006950848503,0.013051169078718365,0.0213909217146765,0.01900038244553355,0.02142994045871296,0.0017847089342827673,0.00487073690572779,0.0004211564526190143,0.0017129963539530147,26-04-29-06-01.mat,13,2
-0.3775999844074249,0.3775999844074249,0.0,0.07282687470519077,0.016127491469226297,0.015951337664884994,0.12159999459981918,0.008228571159166417,3.268934362480552,21.098114313122394,0.11428571428571428,-0.038249834063066035,0.02,0.145,0.2543773045811718,0.3220338972165082,0.0,0.0419600971020922,0.572211168365527,-4.0975224577274245,42.54261776747549,15.290088288189127,9.901953153586746,2.4615384615384617,0.29345454107140584,0.6483536276983293,0.0529105330059385,0.005281298223251223,3.8690924866277645,0.5102989307132324,0.1274405943554045,0.012248137514764279,0.020948695038203895,0.019242564101372397,0.02155324606457409,0.0022435399784478467,0.005467104858984499,0.0005901207292681083,0.0020173838424365847,26-04-29-06-01.mat,13,3
-0.36479997634887695,0.36479997634887695,0.0,0.06205439762172703,0.014887002675119833,0.014544023251850271,0.1151999980211258,0.0066971426796434185,3.9504309108649074,25.006807677858216,0.10714285714285714,-0.06669274092624068,0.024999999999999998,0.14,0.0921787758498439,0.31578948864671846,0.0,0.040932297039446536,0.5445222058007821,-4.443065368865948,45.84454325674763,15.76722442504296,9.737855689908447,13.538461538461538,0.26544486283599056,0.6745471888161307,0.05531090775565975,0.004697040591089015,3.8925445102075917,0.4968806298393195,0.12392883843938697,0.014079988399893674,0.022143381473661232,0.01653792974482766,0.020000740945303276,0.0016717644074849365,0.00471511560122283,0.0003317552948067554,0.0014990202736688385,26-04-29-06-01.mat,13,4
-0.37119999527931213,0.37119999527931213,0.0,0.25956350164650005,0.030446880068085092,0.029819583801563642,0.2239999920129776,0.016937142251325504,3.6905468564478725,23.589360864400266,0.06785714285714285,-0.004300659981512161,0.055,0.22999999999999998,0.059858625684608785,0.6034482618570142,0.0,0.05960331460817043,1.1545804114911762,0.26125522513320165,20.652267904879377,10.873076622420294,9.538135091076173,1.2307692307692308,0.4993297126885072,0.47664388453876255,0.022371066220944,0.0016553365512658482,3.6725526836548785,2.468405192397879,0.27986514595152656,0.018873001078706104,0.02746865154057244,0.041916100095103874,0.03186511434561377,0.003434100695211184,0.006752198735715698,0.0005379476314143023,0.001934511734642621,26-04-29-09-01.mat,14,0
-0.3775999844074249,0.3775999844074249,0.0,0.2244198281427958,0.028310764493815258,0.027778707311134656,0.21119999885559082,0.016479999462275633,3.442002431801282,22.336381853521868,0.06428571428571428,-0.00728440321994765,0.049999999999999996,0.235,0.12518142760956766,0.5593220538160215,0.0,0.059307609638263724,1.1431525823265185,0.13198615710873982,21.213491742364578,11.040052368431573,9.524381285393687,1.2307692307692308,0.49240964922272107,0.4829249031531509,0.02306535241414046,0.0016000952094605016,3.691894109342896,2.009017877411174,0.25244571938469323,0.01723918830687337,0.025990657227341885,0.04047577126560197,0.031272566967885135,0.0034967127059673062,0.006828063528875113,0.00039641383564873475,0.0016584895662098294,26-04-29-09-01.mat,14,1
-0.36479997634887695,0.36479997634887695,0.0,0.2566143815928463,0.030273419599710985,0.02951294318331967,0.2239999920129776,0.016662856533990373,3.7507159436764237,24.269528622189952,0.07857142857142857,-0.008514794754456129,0.06,0.22999999999999998,0.04740066810315383,0.6140351054665404,0.0,0.059259777004814544,1.1413093804646126,0.17148410618997398,20.866612914043532,10.899751518042407,9.481053114350525,1.2307692307692308,0.49980932385354504,0.47605256142486274,0.02272940494223338,0.0014087097788329612,3.6820080706227603,2.472999155419589,0.27814971747643935,0.01847709550133988,0.027238666779608914,0.04223752702933937,0.031958974180394756,0.0035535224755515633,0.006883326222739309,0.0004337636952030957,0.0017376087488107583,26-04-29-09-01.mat,14,2
-0.37119999527931213,0.37119999527931213,0.0,0.24117246189620056,0.02934842791458955,0.028711736687866238,0.2175999879837036,0.017645713652018457,3.1791821723331886,20.63353327295506,0.060714285714285714,-0.021141158249008887,0.049999999999999996,0.22999999999999998,0.10069210629274862,0.5862068714773238,0.0,0.05922467512495642,1.1399576966884053,0.1944590036760565,20.549909892656302,10.855416056303177,9.61361371192205,1.2307692307692308,0.5065587917438268,0.46866586263185767,0.023256671743019205,0.0015186738807703765,3.676727266754868,2.065024031936808,0.2550021757025848,0.016754284439155703,0.02579194876744881,0.041913587549481914,0.03184195723309799,0.004592418757050154,0.00782338882273378,0.00037896112763507485,0.001627692636942297,26-04-29-09-01.mat,14,3
-0.35839998722076416,0.35839998722076416,0.0,0.2607513425043968,0.03051646759797995,0.029757014433709976,0.2239999920129776,0.017188570846337826,3.687684092816016,23.562074350743977,0.060714285714285714,-0.0022630408440033095,0.06,0.22999999999999998,0.03690810273642014,0.6249999998256138,0.0,0.059086192390027305,1.1346328926241793,0.1366507273638752,21.072417164321575,10.928091739301472,9.418703742953738,1.2307692307692308,0.49687458941704077,0.4790101147458789,0.022763156527279692,0.0013521393092713093,3.686318792055552,2.5085900803817682,0.28107396158015124,0.018079380287630252,0.027072996811438016,0.039910803870215866,0.031065039853113704,0.0031582724631095674,0.006482181634232757,0.0003999657606062703,0.0016717446230254734,26-04-29-09-01.mat,14,4
0.8387096524238586,0.8387096524238586,0.0,1.1657127296856375,0.06452332716837592,0.06446650199352243,0.17741934955120087,0.055817970686725206,0.6306475008353575,2.1935453038869666,0.02857142857142857,0.003655995380662316,0.08499999999999999,0.37,0.14806772928899192,0.21153846151323963,0.0,0.1511687647575091,7.426898517451116,2.791703350210069,11.483960565559983,3.381411656365068,5.290837828374035,1.2307692307692308,0.911660813604557,0.08486870949448119,0.0029438481414513443,0.0005266287594323854,2.5886812289417636,3.184362860125902,0.33613022100121664,0.036188688873450975,0.03807439023218413,0.008634852194176944,0.014462584851289815,0.0038618715012167554,0.0071740902633816985,0.0031346318585205044,0.0046794961255567724,26-04-29-18-01.mat,15,0
0.8225806355476379,0.8225806355476379,0.0,1.1860040916395496,0.06508247766267566,0.06496099616100959,0.19354838132858276,0.055587555947048325,0.6740720384952189,2.2826501740009015,0.02857142857142857,0.003937723029730948,0.09,0.37,0.10707183145948732,0.23529411335606917,0.0,0.1492637771766801,7.240894432541123,2.7856732728025717,11.530365358756882,3.4606320951418583,5.379825020582562,1.2307692307692308,0.9074466316097392,0.08863338525792244,0.003440006464791255,0.0004799766674672845,2.6178665129416143,3.3010477688779383,0.3408601075039748,0.03368881343120982,0.03706400629422863,0.013729649051038158,0.018262944622362644,0.004489155354004774,0.007734245401257702,0.0034650691128711862,0.004922413143203178,26-04-29-18-01.mat,15,1
0.8225806355476379,0.8225806355476379,0.024999999999999998,1.1779395759912,0.06486082837207237,0.06475597094734026,0.17741934955120087,0.05564515963196755,0.6421295337402181,2.1366602086239994,0.02857142857142857,0.003002013623383324,0.09,0.385,0.16359909434222408,0.21568627057639675,0.0,0.14921818822818,7.2364720018826825,2.765861848673975,11.427050728367577,3.434856155593158,5.421236485135433,1.2307692307692308,0.9079081515760958,0.0880822168000082,0.003424402498565389,0.0005852291252505233,2.601756193858243,3.0998340563829103,0.33105131461257203,0.036254344824874454,0.03822845238340592,0.01033892730236798,0.01570661520225896,0.0034533405499902942,0.006785588677845681,0.002381943121753368,0.004076951976090128,26-04-29-18-01.mat,15,2
0.8225806355476379,0.8225806355476379,0.0,1.2427158468440729,0.06662034885518069,0.06653938758429179,0.19354838132858276,0.05731566649462495,0.6677906753568569,2.1576037210287815,0.04285714285714286,0.0029467409037088666,0.09,0.39999999999999997,0.11276164299097063,0.23529411335606917,0.0,0.14975098146526555,7.2882408461883506,2.743135117380899,11.310202304280349,3.450589051503042,5.43238515464394,1.2307692307692308,0.9078434910301502,0.08837700087800512,0.0031671469025852635,0.000612361189179909,2.601923198528848,3.245464984836538,0.3393794089814025,0.03401455739219219,0.03717961375731041,0.01168212207435857,0.016758803585509983,0.004644843831673497,0.007807339505572616,0.003736964798024318,0.005101875522876631,26-04-29-18-01.mat,15,3
0.8064515590667725,0.8064515590667725,0.024999999999999998,1.1545264660443784,0.06421299562628544,0.0641583005453302,0.16129031777381897,0.055069122782775336,0.6337671365103408,2.1079370041541696,0.03214285714285714,0.002546104514462876,0.09,0.45499999999999996,0.17744316486917783,0.20000000736617643,0.0,0.14948348355510674,7.2622263531252065,2.7756773583223624,11.430426467119194,3.45316857234826,5.417687459431176,1.2307692307692308,0.9072804635391768,0.08899625290548518,0.0030319553035123544,0.0006913282517459346,2.605168396472612,2.9210666268993344,0.3230811385826434,0.037242867517380394,0.03902825182921742,0.008929376587730402,0.014672008349941411,0.0033724150169959903,0.006698476632744887,0.0035840839697128873,0.004994446571116508,26-04-29-18-01.mat,15,4
0.8548386693000793,0.8548386693000793,0.0,1.453173690699391,0.07204100247922783,0.07196348841947123,0.20967741310596466,0.062327187082597185,0.6236386199666027,2.124185939349811,0.03571428571428571,0.0024858958476289845,0.095,0.39999999999999997,0.09273379605422194,0.24528302311489372,0.0,0.1599372491896999,8.313475195469652,2.7042767339416995,11.039109401142158,3.1006774569199265,4.978897676335657,1.2307692307692308,0.9274886531258317,0.06868171770420285,0.0030648266534236833,0.0007648025164720237,2.515363673074873,3.8184889628470184,0.3682602077884667,0.03659129931686705,0.03874503308180544,0.01394265956534777,0.018222844838926524,0.005092860964523179,0.008240420337759851,0.0036686249157115167,0.005061081991371617,26-04-29-21-01.mat,16,0
0.9032257795333862,0.9032257795333862,0.0,1.1581685053694395,0.06431419820385807,0.06420844809545305,0.25806450843811035,0.04884792481149946,1.5043380179064652,5.787917800266235,0.05,0.01123197805213353,0.095,0.185,0.14283434234977715,0.28571428568265306,0.0,0.1692927857637204,9.314515376283302,2.932833930195421,11.601963412225064,2.8332317230581463,4.682856115915118,1.2307692307692308,0.9367149195515482,0.06017673865354247,0.002638153959473633,0.0004701878353740009,2.4250982618121544,5.712097467274351,0.4442064634764671,0.04139711930233521,0.04084345289739589,0.007343939047870109,0.013382146890779057,0.002966523613711022,0.006253513781304293,0.00314896209363307,0.0046926099442330445,26-04-29-21-01.mat,16,1
0.7903225421905518,0.7903225421905518,0.0,3.0036418605111295,0.1035726429080977,0.10356341576390259,0.20967741310596466,0.08882488214543888,0.4997461364851976,1.9389365776608607,0.03571428571428571,-0.016474830943006277,0.08499999999999999,0.995,0.08216271097761085,0.2653061274176329,0.0,0.16035460114470776,8.35691938519045,1.8327578306190309,7.191877737270728,3.149988422785455,4.887225221601034,1.2307692307692308,0.9277299443824722,0.06887459667261264,0.002810168076981202,0.000585290867862725,2.455008641610908,3.6231239755554565,0.3809188907737207,0.03513290058075921,0.03788456212617595,0.01185652840163004,0.01689892107410693,0.005431333617108562,0.008509627883091486,0.004237177103658389,0.005421293720598818,26-04-29-21-01.mat,16,2
0.8548386693000793,0.8548386693000793,0.015,1.4060873251396722,0.07086423954948928,0.07076525360193481,0.17741934955120087,0.0610023023294551,0.6887622488507672,2.1064525428407643,0.02857142857142857,0.0007876144801921537,0.09,0.41,0.15719847190783048,0.20754717340491008,0.0,0.1603021782398427,8.351456213242447,2.706766528416015,10.912813148210594,3.0074099479826635,4.785278780685385,1.2307692307692308,0.9316060801589359,0.06517763489465285,0.0027498410503916924,0.00046644389595071155,2.4889842478578497,3.586346996743653,0.35675896680501606,0.042550561317044044,0.0411442273342956,0.0069284423447331074,0.012920918308154962,0.0029490268408388,0.006267182320509055,0.002657028050100831,0.004304628133967334,26-04-29-21-01.mat,16,3
0.8548386693000793,0.8548386693000793,0.0,1.4068677621378995,0.07088390312278994,0.07078796817357041,0.20967741310596466,0.060483869165182114,0.6665764319020743,2.2168116212386946,0.02857142857142857,0.003492185861198993,0.095,0.39999999999999997,0.11121927388956876,0.24528302311489372,0.0,0.15994975978300033,8.314775837757841,2.716436892592786,10.9683530924157,3.046695184098669,4.82863032177547,1.2307692307692308,0.9298117170481572,0.06694020014664645,0.00263498775027352,0.0006130950548535397,2.507168870488953,3.842822171484223,0.3682635712098649,0.03948384138246316,0.040247392891890776,0.011698528388964558,0.016880830762228526,0.0047414729160397216,0.007902965165763054,0.0035540379397399936,0.004980343182298844,26-04-29-21-01.mat,16,4
0.9838709235191345,0.9838709235191345,0.0,2.2206034056229864,0.08905462620579306,0.0889469539382183,0.22580644488334656,0.0768433156822409,0.5993732181916985,1.989819982790525,0.017857142857142856,0.0020268074578894744,0.09,0.425,0.133160555313226,0.22950820017398776,0.0,0.19169918439174943,11.943287621350134,2.56673690965116,10.094580974234086,2.8121541516749216,4.16695571796701,1.2307692307692308,0.9429091534919976,0.05532195695000332,0.0014786393475732353,0.0002902502103773955,2.4634537068867224,5.31691904639331,0.43590854010217056,0.05767682462394339,0.04848971905986757,0.012678291716295401,0.017338634835054906,0.004248563553417953,0.007525870272273415,0.0032076454135758024,0.004710484055097023,26-04-30-00-01.mat,17,0
0.9677419066429138,0.9677419066429138,0.02,2.8608218898355178,0.10108027025649886,0.10105530207009228,0.20967741310596466,0.08830644898116588,0.24515901556041375,1.7506859785438837,0.02857142857142857,-0.0006076472711364822,0.095,0.69,0.1744496409070998,0.21666666664427778,0.0,0.20035388057390174,13.046045174831916,2.321391299717058,9.100693096872675,2.712948022910286,4.1106688266095155,1.2307692307692308,0.9472041750197793,0.05081733558340408,0.0015744270253149801,0.0004040623714570248,2.4378017041941384,5.705180558086511,0.4540381843709942,0.0628622632399501,0.05063520575784641,0.007492585881929459,0.013372657523645547,0.0036522528993666726,0.006978223755958759,0.004044152930583394,0.005305847838874446,26-04-30-00-01.mat,17,1
0.9354838132858276,0.9354838132858276,0.0,4.6992713119931615,0.1295496500518122,0.12925342739549708,0.24193547666072845,0.11013824556555067,0.5122256461375256,2.1032360940711476,0.02857142857142857,-0.01408412293122059,0.09,0.96,0.10626437671222776,0.25862069786657593,0.0,0.2000800220486758,13.010404947474544,1.7678681183482394,6.70486408750556,2.862478489094736,4.114692029378401,1.2307692307692308,0.9453564195115541,0.052755655228609685,0.001530962396352692,0.0003569628634374283,2.324201426987837,5.830122459379413,0.4861573347215768,0.0700185129873935,0.05351910348382241,0.0153856047810964,0.01932016274001975,0.0056995188203139814,0.0086570299181635,0.003540719130089545,0.004975836095109784,26-04-30-00-01.mat,17,2
0.9677419066429138,0.9677419066429138,0.02,1.9833505581618613,0.08416290661911621,0.0840606529955943,0.22580644488334656,0.07258064299821854,0.6193089485092382,2.0867283411042554,0.02142857142857143,0.0036911552647000676,0.095,0.40499999999999997,0.19679888457301187,0.2333333333092222,0.0,0.19248050728138205,12.040842347071905,2.661237138592699,10.493237629035107,2.809344293064609,4.26761596323654,1.2307692307692308,0.9437248352273546,0.05420525585689888,0.0016467382207265603,0.00042317069497199505,2.467120960244466,5.200266500462643,0.42986131507991643,0.06134028965168913,0.04973943668923643,0.007152543086294852,0.012949619176813823,0.003932197915098699,0.007121189366651493,0.004262293008370269,0.005456364766703686,26-04-30-00-01.mat,17,3
1.0,1.0,0.0,2.1485430561199914,0.08759776285711524,0.08751770522580071,0.22580644488334656,0.0757488456687757,0.629125335520413,2.058722520292303,0.017857142857142856,0.0022031827743123015,0.09,0.41,0.1473101583829379,0.2258064448607659,0.0,0.19449725699178957,12.294484467632326,2.614785938699442,10.287050304658653,2.7596930814528093,4.131361806859722,1.2307692307692308,0.9444166872862378,0.053842194819657276,0.0013891639701085494,0.00035195392394958834,2.4376699190217312,5.473774732218003,0.44152615225281494,0.05729039313899684,0.048041342891825704,0.008737862016064359,0.014597057298720692,0.0035951823033869477,0.006860827785665959,0.003378062555119873,0.004858923334039098,26-04-30-00-01.mat,17,4
1.0806450843811035,1.0806450843811035,0.02,2.7323099307940755,0.09878385370512725,0.09872133907241601,0.25806450843811035,0.0858870942145586,0.6551916728295539,2.089867585281267,0.02857142857142857,0.00299848578570391,0.095,0.47,0.18539521457013006,0.2388059800059387,0.0,0.22179708211818935,15.988032331746421,2.575768835983788,9.904066976653366,2.571495546230151,3.6492761836559255,1.2307692307692308,0.9544078390121474,0.044549948289619015,0.0008306479191697457,0.0002115647790277519,2.387880627699709,7.2110504577737125,0.5084744533300807,0.07806769862995201,0.05611542786094532,0.008829255223581722,0.014660575998718242,0.00310805973667978,0.0064289274559445105,0.0031260582182984463,0.0046717383797775965,26-04-30-03-01.mat,18,0
1.0645160675048828,1.0645160675048828,0.0,2.703433753688058,0.09826047297304202,0.09819554698653854,0.27419352531433105,0.08525345362722873,0.661855641519909,2.117720971914584,0.017857142857142856,0.0025160984817462775,0.09999999999999999,0.48,0.14138277732552373,0.25757575076462225,0.0,0.22165448353530964,15.96748077317408,2.591328407022198,9.951739600165784,2.5779367239756725,3.6137423904776793,1.2307692307692308,0.9538993302279716,0.04519099073685595,0.0007170700588399772,0.00019260897629631968,2.388543902691932,7.265395484127085,0.5098793316380056,0.07602863085566608,0.05558944999950503,0.011737598403507929,0.016789871234989536,0.004775106027531385,0.007954395194868014,0.003186289082193441,0.004709661354853376,26-04-30-03-01.mat,18,1
1.0806450843811035,1.0806450843811035,0.02,2.7042141988578896,0.09827465519178324,0.09819884175880254,0.25806450843811035,0.08519584999552794,0.6578916944336376,2.0890291993015224,0.02142857142857143,0.0009016828843402001,0.095,0.475,0.18470210879485793,0.2388059800059387,0.0,0.22202072226316788,16.020290362134087,2.5849774266693757,9.932670774430537,2.580031450103013,3.6731279731071464,1.2307692307692308,0.9538330045187962,0.04514945553439282,0.0008080246229848341,0.00020951532379018725,2.3899726390915776,7.086883053922312,0.5038436960376441,0.07871522930459665,0.05628959833205105,0.008220005166649181,0.014108010546666131,0.003157740198983034,0.006483928956220065,0.0030561840871081688,0.004549221054281902,26-04-30-03-01.mat,18,2
1.0645160675048828,1.0645160675048828,0.0,2.8290841104026665,0.10051801740417818,0.10045248602651824,0.27419352531433105,0.08749999733907836,0.6569421262406859,2.1123928456172463,0.017857142857142856,0.003680411611389677,0.09999999999999999,0.52,0.13854781791064766,0.25757575076462225,0.0,0.2229992031931628,16.161809503055288,2.564219359363295,9.840492785690229,2.5790226259614935,3.7080349730128837,1.2307692307692308,0.9541900544442583,0.04472733037743985,0.0007809919077839883,0.00030162327048216043,2.382611712218165,7.678775625771952,0.5245375371920914,0.07961037324575063,0.05669669019149211,0.010815196929761121,0.016130147811381078,0.0037351442799043793,0.00703373165317179,0.0042171352450562916,0.0053791774663861465,26-04-30-03-01.mat,18,3
1.0161290168762207,1.0161290168762207,0.02,2.3113942430834387,0.09085691740084356,0.09013088269042298,0.22580644488334656,0.06595621923250812,0.9411765917463435,3.022327249665786,0.05714285714285714,-0.010851686401879607,0.095,0.425,0.17644314174123849,0.22222221894154495,0.0,0.20586726503288383,13.77393251393888,2.6523550779498497,10.240051115024258,2.748191567935416,3.952864430387229,2.4615384615384617,0.9475498283019608,0.051175015841579026,0.0009800095247524646,0.0002951463316664323,2.4397169670116083,5.996740518942399,0.4601977023407439,0.05607867179148347,0.047644876316842874,0.008709460048434441,0.0145695488367479,0.0030452249429961335,0.006369142916837082,0.003317043906543509,0.004811407651566781,26-04-30-03-01.mat,18,4
1.0645160675048828,1.0645160675048828,0.0,2.635015443510124,0.09700912040167968,0.09691287145505176,0.27419352531433105,0.08392856887408666,0.6817603816192385,2.1569862863586415,0.025,0.000691711141927607,0.09999999999999999,0.47,0.14772224244970636,0.25757575076462225,0.0,0.21838934325895906,15.500519205950821,2.595033596628527,9.982317167538465,2.6010670585268234,3.7108532235757337,1.2307692307692308,0.9525219115521316,0.04645365339702575,0.0008102741760602071,0.0002141608747450617,2.3983601282347062,7.2351470696852624,0.5074394486206187,0.07731474568500105,0.05607582003437602,0.010259081451625934,0.015600032303587384,0.0039356531362310775,0.007190007547786962,0.0031491866367311604,0.0046921575857361494,26-04-30-06-01.mat,19,0
1.048387050628662,1.048387050628662,0.02,2.8930799524289164,0.10164855336664583,0.10163665404281805,0.25806450843811035,0.0807027625718287,0.615257748063801,2.4713319654418364,0.05,-0.004456300244474475,0.095,0.6,0.19587200659759335,0.24615384962905384,0.0,0.21993609272177272,15.72086258655907,2.50536546439325,9.629607625852124,2.722615779994662,3.923908835659433,1.846153846153846,0.9516730957453509,0.04683333779800424,0.0011267573497257548,0.00036680910688224985,2.3807260607868987,7.53488731695115,0.5345735045560125,0.09666269661972851,0.06265764494514807,0.009881503998475653,0.015465888657769688,0.004213664744259463,0.007495344194977461,0.0036114715746848507,0.005023185188051947,26-04-30-06-01.mat,19,1
1.0161290168762207,1.0161290168762207,0.015,6.840530202459483,0.15630247921509072,0.1560538036512052,0.33870965242385864,0.1269009173980781,0.5750907080600736,2.3989797695442343,0.025,-0.007582779483599792,0.095,0.8899999999999999,0.12399093266458246,0.3333333137476824,0.0,0.22887142815847708,17.024192453872804,1.5692707131504076,5.800872891556254,2.717882960990317,3.701223509977611,0.6153846153846154,0.9540268988405554,0.0449242168804788,0.0007934981568795584,0.0002553861220516184,2.4451268475736567,7.751989630223608,0.5531743738344027,0.16006797509313803,0.0811690435499,0.016996649969967352,0.02016907094027538,0.0033029096788771005,0.0066243053644001225,0.0038150862721795563,0.00513651680825513,26-04-30-06-01.mat,19,2
1.0806450843811035,1.0806450843811035,0.024999999999999998,2.8904784875965546,0.10160284176981459,0.10160269480689448,0.27419352531433105,0.08968893736600876,0.6150716751569827,2.1255979663115325,0.02142857142857143,0.0007332915575840609,0.095,0.55,0.20392148853371994,0.2537313399671747,0.0,0.2290007941285806,17.04344320624418,2.5469440364069893,9.751535159718971,2.526300163674048,3.659582951160392,1.2307692307692308,0.9555941189334509,0.043436490505071104,0.0007139957744015204,0.0002553947870426053,2.3244793580822365,7.959951700491779,0.5373532110870458,0.08880723677146593,0.06008736829635151,0.008578779656297553,0.01437271410738151,0.002901748720560953,0.0061971996421399935,0.00404247113233981,0.005282841274080164,26-04-30-06-01.mat,19,3
1.0645160675048828,1.0645160675048828,0.02,2.5939124282701482,0.09624953484618859,0.09613071301870153,0.27419352531433105,0.083237324655056,0.6648022985675991,2.223620891461179,0.017857142857142856,-9.41042848888787e-05,0.09999999999999999,0.45999999999999996,0.15280397281616057,0.25757575076462225,0.0,0.21897134013025177,15.583245534492482,2.6075579629219954,10.018849750148753,2.627850417899925,3.757448176993449,1.2307692307692308,0.9514573799328692,0.047513248095637166,0.0007593320267925442,0.0002700399446639319,2.411381957507485,7.451491381617001,0.5133866131539626,0.07564051509872403,0.055427453674909526,0.010371497950258685,0.0157756100694177,0.003463441783878403,0.006784863946450118,0.002884612239797024,0.004485834371866467,26-04-30-06-01.mat,19,4
1.0645160675048828,1.0645160675048828,0.02,2.8816335349499775,0.1014472687611996,0.10138233803354625,0.27419352531433105,0.08807603418827056,0.6670113124417438,2.1246538881236137,0.017857142857142856,0.0008166542258437666,0.09999999999999999,0.48,0.15195687263580301,0.25757575076462225,0.0,0.2280287598226459,16.899062474532524,2.568823308523122,9.763093870541558,2.571113522332994,3.616207009954446,1.2307692307692308,0.9545665814737855,0.044583309562528234,0.0006295139217270303,0.00022059504192511195,2.3853696010585717,7.720879395928309,0.5256508388593503,0.07618566818851864,0.05558955148120783,0.013178046030343627,0.017870042991456465,0.0039014867018732488,0.007198257337490139,0.003828023521206922,0.005173068276644994,26-04-30-09-01.mat,20,0
1.0806450843811035,1.0806450843811035,0.02,2.9073879640630853,0.10189959981806822,0.10186208001978438,0.25806450843811035,0.08894008951527732,0.6417338680961614,2.051087136144896,0.02142857142857143,0.002161570375018104,0.095,0.5,0.19662182774110937,0.2388059800059387,0.0,0.2306325730378457,17.2871997174686,2.5698747663992814,9.78317541462015,2.5849198734174825,3.6028706309586584,1.2307692307692308,0.9539390630192638,0.04529390273927226,0.0005538781135276793,0.00021315612790286274,2.386553893189661,7.4987271962551505,0.5199527842125893,0.08260128623031003,0.05768881399083997,0.007626214252488123,0.01344996464085492,0.0031203702523349584,0.006446941125434475,0.0035428435457045466,0.004976629759672211,26-04-30-09-01.mat,20,1
1.0645160675048828,1.0645160675048828,0.02,2.9726845180765054,0.10303751948538845,0.10297758716094854,0.27419352531433105,0.08934331525649343,0.6490060002600619,2.0903116776093627,0.017857142857142856,0.0015735819457635795,0.09999999999999999,0.54,0.1487706858933404,0.25757575076462225,0.0,0.22988342784416804,17.175076879150065,2.5522104313211407,9.687057333013087,2.580823907538076,3.6331508782077315,1.2307692307692308,0.9539522038840628,0.04521856230694672,0.0005963926386073724,0.00023284117034952256,2.3861540822820184,7.688979011420389,0.525576298623046,0.07894289039187025,0.05678536999569747,0.01361134186111477,0.018134911638739096,0.0039847274132598955,0.007288869699847921,0.003959009208062251,0.005256084216258696,26-04-30-09-01.mat,20,2
1.0645160675048828,1.0645160675048828,0.02,2.8397500827117748,0.10070732138783894,0.10063553333572219,0.27419352531433105,0.08744239365415914,0.6541197574012453,2.088858129884053,0.02142857142857143,0.0016825703460500664,0.095,0.48500000000000004,0.1925998966566746,0.25757575076462225,0.0,0.22862823186113745,16.988032231283757,2.5739113341888173,9.781507183025026,2.576762141342804,3.5831125849298426,1.2307692307692308,0.9535019898169677,0.045791667237056306,0.0005620413289698136,0.00014430161697216306,2.387911745321651,7.55250096569632,0.5198519853398383,0.08472889430776198,0.058313593777078294,0.009087469918676856,0.014721751810523839,0.0034270485322444918,0.006750953531533527,0.003423115563512806,0.004881239003346544,26-04-30-09-01.mat,20,3
1.0645160675048828,1.0645160675048828,0.02,3.5910507745102747,0.11324831715101419,0.11275123450567519,0.29032257199287415,0.08986174847398486,0.5621936227517551,2.397913658109187,0.04285714285714286,-0.008234517901795428,0.09999999999999999,0.655,0.13679056706609372,0.2727272803369591,0.0,0.2337524223523555,17.758063360568045,2.3918400426730333,9.037861279011327,2.5034330873272217,3.5493004799565946,1.2307692307692308,0.9556610677596403,0.0435962798600535,0.0005936625938929905,0.0001489897863809886,2.3776835488529953,8.51865096071645,0.5444117421407364,0.09390617832793521,0.06103373856888359,0.01987593448715482,0.021904710192158856,0.005000837488282548,0.008032890426046834,0.0033907752202331385,0.004868551200442324,26-04-30-09-01.mat,20,4
1.0806450843811035,1.0806450843811035,0.02,3.3704472415063966,0.10971468259448486,0.10964056034656153,0.29032257199287415,0.09516128743333475,0.6507822071263045,2.109020862741467,0.02142857142857143,0.002297215696018589,0.105,0.66,0.17731896715773104,0.26865672750668107,0.0,0.24424701306603203,19.388396102295488,2.5032546873310886,9.34950791498408,2.4445690876349544,3.300586711074549,1.2307692307692308,0.9605434329672085,0.03885689628647453,0.0004351725901984662,0.0001644981560887013,2.34674891142346,9.110381009029958,0.5703519642799859,0.09656337079912865,0.06242051395359008,0.009488160447783743,0.015202254992443888,0.0029264922813802908,0.006235497454392851,0.0036966580264698448,0.005084289643287088,26-04-30-12-01.mat,21,0
1.0645160675048828,1.0645160675048828,0.02,3.452653271986348,0.11104460609506607,0.11093913391304522,0.32258063554763794,0.09619815376188073,0.7094625549638572,2.215688738924423,0.02142857142857143,0.001747380090820537,0.09999999999999999,0.635,0.13719887782494808,0.3030303114855101,0.0,0.24472665468624566,19.4646190420243,2.5026461180983963,9.315323218824878,2.4334985820522466,3.282895109374199,1.2307692307692308,0.9618254672181464,0.03762021984168953,0.000382294409714294,0.00017201853042001888,2.3466002350658766,9.761001892123593,0.5887024065555009,0.0921867971926544,0.0611770770872403,0.017187631708698806,0.020398024846442115,0.006113685152683305,0.009011368766160481,0.0032678879065356635,0.004777950579050908,26-04-30-12-01.mat,21,1
1.0806450843811035,1.0806450843811035,0.02,4.509885258918379,0.12691230463420652,0.1269122523432621,0.29032257199287415,0.10253455910299505,0.12405694573773443,2.2700555734404917,0.04285714285714286,-0.003753750468235623,0.105,0.735,0.16728377461215374,0.26865672750668107,0.0,0.2516717404899772,20.585066112407695,2.213084622406187,8.429971642750608,2.4131848976984624,3.2744985540905223,1.2307692307692308,0.9617841011993506,0.03766357779994419,0.0003545413563896105,0.00019777964428726417,2.274710467282097,10.238976501523567,0.608672845770322,0.11536745251537367,0.06855166546646077,0.015982219139063114,0.019540096480789273,0.003973312063133516,0.00727471181862258,0.003779153101724412,0.005132508086144743,26-04-30-12-01.mat,21,2
1.0645160675048828,1.0645160675048828,0.02,3.748699039980602,0.11570743648129786,0.11565580570461159,0.32258063554763794,0.09976958222687245,0.6683061859114814,2.1878511815457315,0.02142857142857143,0.00048288696167906036,0.09999999999999999,0.74,0.1350062293556993,0.3030303114855101,0.0,0.24611281241830493,19.685742841845517,2.429581983195363,9.013117789457866,2.4307142131034594,3.312180587545732,1.2307692307692308,0.9614503487878191,0.037936898733093805,0.000383882608910054,0.00022886987014764587,2.326602962286573,10.104372011314377,0.6016652434321034,0.0860189495738019,0.05906345119342856,0.016805502301250032,0.02013367053820943,0.005092040655752454,0.008228687966142366,0.003974441384561701,0.005270576023064379,26-04-30-12-01.mat,21,3
1.0967741012573242,1.0967741012573242,0.02,3.5424035349541008,0.11247862550842558,0.11245843054952293,0.29032257199287415,0.09809907541743347,0.6361448822832902,2.0166661982566083,0.017857142857142856,0.0008084070521414894,0.105,0.71,0.18221529206741743,0.2647058967143575,0.0,0.24628837599793726,19.713838349302932,2.4768816660823987,9.259560054765625,2.447820599289826,3.307664724125226,1.2307692307692308,0.9613910645953161,0.03798305444285738,0.00043475560506274355,0.00019112535673450744,2.3434338626423945,8.720130766096224,0.562737968703353,0.10030138474287824,0.0638636927813066,0.01133681506489938,0.016499074608609176,0.003986558538953441,0.007290620688153053,0.003418570863362963,0.00486198272624003,26-04-30-12-01.mat,21,4
1.0161290168762207,1.0161290168762207,0.02,2.8904784957681584,0.10160284191343409,0.10154977451177778,0.29032257199287415,0.08738479002245834,0.688010606750899,2.235915677483178,0.017857142857142856,-0.0009247669371278863,0.09999999999999999,0.58,0.16929472412133895,0.2857142814962721,0.0,0.2260668409045062,16.60952038087658,2.533429978750647,9.514139439913055,2.5686247586013615,3.697761913324917,1.2307692307692308,0.9538859619553403,0.0451546724443711,0.0007414056310956743,0.0002179599691581919,2.3986555522651036,8.081761668952637,0.5355448236465232,0.08113686985229818,0.05725947034228219,0.008091099522753737,0.013745541848474733,0.005268116691073031,0.008360142979172995,0.003429844809373847,0.004817952799008387,26-04-30-15-01.mat,22,0
1.0161290168762207,1.0161290168762207,0.015,2.9255981698213605,0.10221822191869287,0.10212930291230977,0.30645161867141724,0.08721197902091912,0.6849428629896056,2.2755808037184417,0.017857142857142856,-0.0004279396548970541,0.09999999999999999,0.59,0.1329776714127556,0.3015873117995889,0.0,0.22545168372091878,16.51925005009409,2.5258867710405286,9.493145470392962,2.5469560620821223,3.616109022550578,1.2307692307692308,0.9543103388403683,0.044830819674044606,0.00065772986657195,0.0002011116189804893,2.3938898811673877,8.290167172275854,0.5409679326315694,0.07915910878423336,0.056542870956224664,0.010531204566037938,0.015764134211368228,0.006412327389208196,0.00924364348883887,0.0030875888432384544,0.004646325895575544,26-04-30-15-01.mat,22,1
1.0322580337524414,1.0322580337524414,0.02,2.8725284366373245,0.1012868704761263,0.10123909474668973,0.27419352531433105,0.08698156417480536,0.6599254474365613,2.1751674033490724,0.02142857142857143,0.0009663530313295365,0.09999999999999999,0.6,0.1791864967980485,0.26562498553876723,0.0,0.22625265449973772,16.63683569215775,2.5382926795811915,9.564387061437435,2.573146863386524,3.7018877685852676,1.2307692307692308,0.9536977096413269,0.04532378570264128,0.0007412377921769752,0.0002372668638200592,2.4012341078433095,7.802032138299838,0.5270380636703753,0.08374284769399451,0.057882860371463396,0.005065271902873652,0.011101545316940126,0.003878793120214711,0.007146874905246855,0.0038519466704244427,0.005110740142142515,26-04-30-15-01.mat,22,2
1.0161290168762207,1.0161290168762207,0.015,2.894900972091447,0.1016805391566338,0.10159114953957667,0.29032257199287415,0.08663594211850847,0.664550703622004,2.231070790102417,0.017857142857142856,0.00019359498807548843,0.09999999999999999,0.605,0.14202663702993987,0.2857142814962721,0.0,0.22536468085560438,16.506502797573233,2.5345980188151556,9.5388090099334,2.5592522878837323,3.6240993477647816,1.2307692307692308,0.953685052307297,0.04557245228838132,0.0005640716030446578,0.00017842380124198865,2.3989827071725416,8.089090521173407,0.5346746903883561,0.0811139643322005,0.05706561762637474,0.007993677558107213,0.013934344290155394,0.004464544714684174,0.007624927750521453,0.0032979152840448,0.004791817282858643,26-04-30-15-01.mat,22,3
1.0161290168762207,1.0161290168762207,0.02,2.8740893106337797,0.10131438535980429,0.10126301819783588,0.27419352531433105,0.08675114943512849,0.6829560574214968,2.20253240549397,0.02142857142857143,-0.00025850477118357826,0.09999999999999999,0.585,0.18581332089022792,0.26984125119295527,0.0,0.22629687363444886,16.643339380435858,2.5385360461810897,9.551563661558164,2.567344457222911,3.6390990242215677,1.2307692307692308,0.9535584238500839,0.04561182536954716,0.000631495428985035,0.00019825535134910087,2.3982770435802503,7.929275735027749,0.530847982038811,0.0827043328054481,0.05790782366489948,0.005547606905542666,0.011607495064292811,0.0036109839964843684,0.0069368680894721525,0.0028073195157115017,0.004430448131332023,26-04-30-15-01.mat,22,4
